date,start,end,file
2016-11-29,2, 5,281129sisetuitiran1gou.pdf
2016-11-29,2,11,281129sisetuitiran23gou.pdf
2016-11-11,2, 7,281111sisetuitiran1gou2.pdf
2016-11-11,2,11,281111sisetuitiran23gou.pdf
2016-10-13,2,11,281013sisetuitiran23gou.pdf
2016-10-13,2, 7,281013sisetuitiran1gou.pdf
2016-09-20,1, 2,280920sisetuitirankourituyoutien.pdf
2016-09-20,2,11,280920sisetuitiran23gou.pdf
2016-09-20,2, 7,280920sisetuitiran1gou.pdf
2016-04-01,2,11,20160426sisetuitiran23.pdf
2016-04-01,2, 6,280401sisetuitiran1gou.pdf
2015-09-30,1, 2,20150930sisetuitirankourituyoutien.pdf
